side,fidelity_min,ts,p
Dolphins vs. Bills,720,1757851208,0.18
Dolphins vs. Bills,720,1757894407,0.125
Dolphins vs. Bills,720,1757937614,0.125
Dolphins vs. Bills,720,1757980814,0.13
Dolphins vs. Bills,720,1758024012,0.135
Dolphins vs. Bills,720,1758067207,0.125
Dolphins vs. Bills,720,1758110421,0.125
Dolphins vs. Bills,720,1758153612,0.13
Dolphins vs. Bills,720,1758196820,0.125
Dolphins vs. Bills,720,1758240007,0.145
Spread: BUF (-13.5),720,1758196820,0.445
Spread: BUF (-13.5),720,1758240010,0.43
Spread: BUF (-14.5),720,1758196825,0.395
Spread: BUF (-14.5),720,1758240016,0.37
Spread: BUF (-15.5),720,1758196805,0.38
Spread: BUF (-15.5),720,1758240017,0.385
Spread: BUF (-16.5),720,1758196818,0.5
Spread: BUF (-16.5),720,1758240005,0.365
Spread: BUF (-17.5),720,1758196825,0.325
Spread: BUF (-17.5),720,1758240014,0.32
MIA vs. BUF: O/U 51.5,720,1758196820,0.45
MIA vs. BUF: O/U 51.5,720,1758240005,0.455
MIA vs. BUF: O/U 54.5,720,1758196810,0.37
MIA vs. BUF: O/U 54.5,720,1758240010,0.37
MIA vs. BUF: O/U 57.5,720,1758196825,0.5
MIA vs. BUF: O/U 57.5,720,1758240005,0.285
MIA vs. BUF: O/U 59.5,720,1758196820,0.5
MIA vs. BUF: O/U 59.5,720,1758240002,0.245
MIA vs. BUF: O/U 61.5,720,1758196820,0.5
MIA vs. BUF: O/U 61.5,720,1758240011,0.205
Spread: BUF (-11.5),720,1758240009,0.475
Spread: BUF (-10.5),720,1758240015,0.515
Spread: BUF (-12.5),720,1758240007,0.47
MIA vs. BUF: O/U 50.5,720,1758240008,0.495
