horizon_h,snap_utc,book,market,home_decimal,away_decimal,point,book_ts
72,2026-02-05 23:30:00+00:00,draftkings,h2h,2.9,1.43,,2026-02-05T23:24:30Z
72,2026-02-05 23:30:00+00:00,lowvig,h2h,3.0,1.42,,2026-02-05T23:24:31Z
72,2026-02-05 23:30:00+00:00,fanduel,h2h,2.94,1.43,,2026-02-05T23:25:07Z
72,2026-02-05 23:30:00+00:00,betmgm,h2h,2.95,1.43,,2026-02-05T23:25:06Z
72,2026-02-05 23:30:00+00:00,fanatics,h2h,2.9,1.44,,2026-02-05T23:24:30Z
72,2026-02-05 23:30:00+00:00,unibet_se,h2h,2.9,1.45,,2026-02-05T23:24:31Z
72,2026-02-05 23:30:00+00:00,williamhill_us,h2h,2.91,1.43,,2026-02-05T23:24:44Z
72,2026-02-05 23:30:00+00:00,betrivers,h2h,2.8,1.43,,2026-02-05T23:24:31Z
72,2026-02-05 23:30:00+00:00,unibet_nl,h2h,2.9,1.45,,2026-02-05T23:25:28Z
72,2026-02-05 23:30:00+00:00,leovegas_se,h2h,2.85,1.43,,2026-02-05T23:24:31Z
72,2026-02-05 23:30:00+00:00,betonlineag,h2h,3.0,1.42,,2026-02-05T23:25:06Z
72,2026-02-05 23:30:00+00:00,betclic_fr,h2h,2.9,1.4,,2026-02-05T23:24:02Z
72,2026-02-05 23:30:00+00:00,williamhill,h2h,2.75,1.44,,2026-02-05T23:25:08Z
72,2026-02-05 23:30:00+00:00,betsson,h2h,2.98,1.44,,2026-02-05T23:25:09Z
72,2026-02-05 23:30:00+00:00,nordicbet,h2h,2.98,1.44,,2026-02-05T23:25:08Z
72,2026-02-05 23:30:00+00:00,coolbet,h2h,2.98,1.42,,2026-02-05T23:24:31Z
72,2026-02-05 23:30:00+00:00,mybookieag,h2h,3.05,1.38,,2026-02-05T23:25:06Z
72,2026-02-05 23:30:00+00:00,unibet_fr,h2h,2.88,1.4,,2026-02-05T23:24:31Z
72,2026-02-05 23:30:00+00:00,betus,h2h,3.0,1.43,,2026-02-05T23:25:29Z
72,2026-02-05 23:30:00+00:00,marathonbet,h2h,2.75,1.44,,2026-02-05T23:25:07Z
72,2026-02-05 23:30:00+00:00,tipico_de,h2h,2.8,1.42,,2026-02-05T23:25:08Z
72,2026-02-05 23:30:00+00:00,pinnacle,h2h,2.97,1.44,,2026-02-05T23:25:07Z
72,2026-02-05 23:30:00+00:00,gtbets,h2h,2.95,1.41,,2026-02-05T23:24:33Z
72,2026-02-05 23:30:00+00:00,betanysports,h2h,3.0,1.42,,2026-02-05T23:25:09Z
72,2026-02-05 23:30:00+00:00,betfair_ex_eu,h2h,3.15,1.46,,2026-02-05T23:25:07Z
72,2026-02-05 23:30:00+00:00,matchbook,h2h,3.1,1.46,,2026-02-05T23:25:28Z
24,2026-02-07 23:30:00+00:00,draftkings,h2h,2.9,1.43,,2026-02-07T23:24:50Z
24,2026-02-07 23:30:00+00:00,lowvig,h2h,3.0,1.42,,2026-02-07T23:24:32Z
24,2026-02-07 23:30:00+00:00,fanduel,h2h,2.98,1.42,,2026-02-07T23:25:24Z
24,2026-02-07 23:30:00+00:00,betmgm,h2h,2.95,1.43,,2026-02-07T23:24:31Z
24,2026-02-07 23:30:00+00:00,fanatics,h2h,2.9,1.44,,2026-02-07T23:24:30Z
24,2026-02-07 23:30:00+00:00,unibet_se,h2h,2.9,1.45,,2026-02-07T23:24:51Z
24,2026-02-07 23:30:00+00:00,williamhill_us,h2h,3.0,1.42,,2026-02-07T23:23:42Z
24,2026-02-07 23:30:00+00:00,betrivers,h2h,2.8,1.43,,2026-02-07T23:25:24Z
24,2026-02-07 23:30:00+00:00,unibet_nl,h2h,2.9,1.45,,2026-02-07T23:25:07Z
24,2026-02-07 23:30:00+00:00,leovegas_se,h2h,2.85,1.43,,2026-02-07T23:24:52Z
24,2026-02-07 23:30:00+00:00,betonlineag,h2h,3.0,1.42,,2026-02-07T23:25:23Z
24,2026-02-07 23:30:00+00:00,betclic_fr,h2h,2.85,1.42,,2026-02-07T23:24:01Z
24,2026-02-07 23:30:00+00:00,williamhill,h2h,2.75,1.44,,2026-02-07T23:24:50Z
24,2026-02-07 23:30:00+00:00,betsson,h2h,2.98,1.44,,2026-02-07T23:25:27Z
24,2026-02-07 23:30:00+00:00,nordicbet,h2h,2.98,1.44,,2026-02-07T23:24:53Z
24,2026-02-07 23:30:00+00:00,coolbet,h2h,2.98,1.42,,2026-02-07T23:24:32Z
24,2026-02-07 23:30:00+00:00,mybookieag,h2h,2.96,1.4,,2026-02-07T23:23:39Z
24,2026-02-07 23:30:00+00:00,unibet_fr,h2h,2.85,1.43,,2026-02-07T23:24:51Z
24,2026-02-07 23:30:00+00:00,betus,h2h,3.0,1.43,,2026-02-07T23:24:50Z
24,2026-02-07 23:30:00+00:00,marathonbet,h2h,2.77,1.44,,2026-02-07T23:25:26Z
24,2026-02-07 23:30:00+00:00,tipico_de,h2h,2.8,1.42,,2026-02-07T23:24:51Z
24,2026-02-07 23:30:00+00:00,pinnacle,h2h,2.98,1.43,,2026-02-07T23:25:24Z
24,2026-02-07 23:30:00+00:00,gtbets,h2h,2.95,1.41,,2026-02-07T23:24:33Z
24,2026-02-07 23:30:00+00:00,betanysports,h2h,2.95,1.43,,2026-02-07T23:24:51Z
24,2026-02-07 23:30:00+00:00,betfair_ex_eu,h2h,3.15,1.46,,2026-02-07T23:25:11Z
24,2026-02-07 23:30:00+00:00,matchbook,h2h,3.15,1.46,,2026-02-07T23:25:24Z
24,2026-02-07 23:30:00+00:00,everygame,h2h,2.95,1.43,,2026-02-07T23:24:50Z
12,2026-02-08 11:30:00+00:00,draftkings,h2h,2.95,1.42,,2026-02-08T11:24:38Z
12,2026-02-08 11:30:00+00:00,lowvig,h2h,3.0,1.42,,2026-02-08T11:25:29Z
12,2026-02-08 11:30:00+00:00,fanduel,h2h,2.98,1.42,,2026-02-08T11:25:13Z
12,2026-02-08 11:30:00+00:00,betmgm,h2h,2.95,1.43,,2026-02-08T11:25:29Z
12,2026-02-08 11:30:00+00:00,fanatics,h2h,2.9,1.44,,2026-02-08T11:25:30Z
12,2026-02-08 11:30:00+00:00,unibet_se,h2h,2.9,1.45,,2026-02-08T11:24:39Z
12,2026-02-08 11:30:00+00:00,williamhill_us,h2h,3.0,1.42,,2026-02-08T11:25:28Z
12,2026-02-08 11:30:00+00:00,betrivers,h2h,2.8,1.43,,2026-02-08T11:25:12Z
12,2026-02-08 11:30:00+00:00,unibet_nl,h2h,2.9,1.45,,2026-02-08T11:25:12Z
12,2026-02-08 11:30:00+00:00,leovegas_se,h2h,2.85,1.43,,2026-02-08T11:24:39Z
12,2026-02-08 11:30:00+00:00,betonlineag,h2h,3.0,1.42,,2026-02-08T11:25:29Z
12,2026-02-08 11:30:00+00:00,betclic_fr,h2h,2.93,1.41,,2026-02-08T11:22:28Z
12,2026-02-08 11:30:00+00:00,williamhill,h2h,2.75,1.44,,2026-02-08T11:25:30Z
12,2026-02-08 11:30:00+00:00,nordicbet,h2h,2.98,1.44,,2026-02-08T11:24:38Z
12,2026-02-08 11:30:00+00:00,coolbet,h2h,2.98,1.42,,2026-02-08T11:25:29Z
12,2026-02-08 11:30:00+00:00,mybookieag,h2h,2.96,1.4,,2026-02-08T11:24:38Z
12,2026-02-08 11:30:00+00:00,unibet_fr,h2h,2.95,1.42,,2026-02-08T11:24:39Z
12,2026-02-08 11:30:00+00:00,betus,h2h,2.95,1.43,,2026-02-08T11:24:55Z
12,2026-02-08 11:30:00+00:00,marathonbet,h2h,2.79,1.44,,2026-02-08T11:25:29Z
12,2026-02-08 11:30:00+00:00,tipico_de,h2h,2.8,1.42,,2026-02-08T11:24:39Z
12,2026-02-08 11:30:00+00:00,pinnacle,h2h,3.03,1.43,,2026-02-08T11:25:12Z
12,2026-02-08 11:30:00+00:00,gtbets,h2h,2.95,1.41,,2026-02-08T11:25:34Z
12,2026-02-08 11:30:00+00:00,betanysports,h2h,2.95,1.43,,2026-02-08T11:24:56Z
12,2026-02-08 11:30:00+00:00,betfair_ex_eu,h2h,3.15,1.46,,2026-02-08T11:25:13Z
12,2026-02-08 11:30:00+00:00,matchbook,h2h,3.15,1.45,,2026-02-08T11:25:30Z
12,2026-02-08 11:30:00+00:00,everygame,h2h,2.95,1.43,,2026-02-08T11:24:38Z
6,2026-02-08 17:30:00+00:00,draftkings,h2h,2.95,1.42,,2026-02-08T17:24:37Z
6,2026-02-08 17:30:00+00:00,lowvig,h2h,2.95,1.43,,2026-02-08T17:25:28Z
6,2026-02-08 17:30:00+00:00,fanduel,h2h,3.0,1.41,,2026-02-08T17:25:13Z
6,2026-02-08 17:30:00+00:00,betmgm,h2h,2.95,1.43,,2026-02-08T17:25:27Z
6,2026-02-08 17:30:00+00:00,fanatics,h2h,3.0,1.42,,2026-02-08T17:25:29Z
6,2026-02-08 17:30:00+00:00,unibet_se,h2h,3.0,1.43,,2026-02-08T17:24:38Z
6,2026-02-08 17:30:00+00:00,williamhill_us,h2h,3.0,1.42,,2026-02-08T17:24:41Z
6,2026-02-08 17:30:00+00:00,betrivers,h2h,2.9,1.41,,2026-02-08T17:25:12Z
6,2026-02-08 17:30:00+00:00,unibet_nl,h2h,3.0,1.43,,2026-02-08T17:25:13Z
6,2026-02-08 17:30:00+00:00,leovegas_se,h2h,2.95,1.41,,2026-02-08T17:24:55Z
6,2026-02-08 17:30:00+00:00,betonlineag,h2h,2.95,1.43,,2026-02-08T17:25:29Z
6,2026-02-08 17:30:00+00:00,betclic_fr,h2h,3.0,1.42,,2026-02-08T17:25:20Z
6,2026-02-08 17:30:00+00:00,williamhill,h2h,2.9,1.4,,2026-02-08T17:24:38Z
6,2026-02-08 17:30:00+00:00,betsson,h2h,3.03,1.43,,2026-02-08T17:25:13Z
6,2026-02-08 17:30:00+00:00,nordicbet,h2h,3.03,1.43,,2026-02-08T17:24:57Z
6,2026-02-08 17:30:00+00:00,coolbet,h2h,3.05,1.44,,2026-02-08T17:25:13Z
6,2026-02-08 17:30:00+00:00,mybookieag,h2h,2.98,1.4,,2026-02-08T17:25:28Z
6,2026-02-08 17:30:00+00:00,unibet_fr,h2h,3.02,1.41,,2026-02-08T17:24:38Z
6,2026-02-08 17:30:00+00:00,betus,h2h,2.95,1.43,,2026-02-08T17:24:38Z
6,2026-02-08 17:30:00+00:00,marathonbet,h2h,2.84,1.46,,2026-02-08T17:25:29Z
6,2026-02-08 17:30:00+00:00,tipico_de,h2h,2.8,1.42,,2026-02-08T17:24:38Z
6,2026-02-08 17:30:00+00:00,pinnacle,h2h,3.05,1.44,,2026-02-08T17:25:28Z
6,2026-02-08 17:30:00+00:00,gtbets,h2h,2.95,1.41,,2026-02-08T17:25:31Z
6,2026-02-08 17:30:00+00:00,betanysports,h2h,2.95,1.43,,2026-02-08T17:24:55Z
6,2026-02-08 17:30:00+00:00,betfair_ex_eu,h2h,3.15,1.45,,2026-02-08T17:25:13Z
6,2026-02-08 17:30:00+00:00,matchbook,h2h,3.15,1.45,,2026-02-08T17:24:58Z
6,2026-02-08 17:30:00+00:00,everygame,h2h,2.95,1.43,,2026-02-08T17:24:38Z
3,2026-02-08 20:30:00+00:00,draftkings,h2h,2.95,1.42,,2026-02-08T20:24:40Z
3,2026-02-08 20:30:00+00:00,lowvig,h2h,2.95,1.43,,2026-02-08T20:25:29Z
3,2026-02-08 20:30:00+00:00,fanduel,h2h,3.0,1.41,,2026-02-08T20:24:40Z
3,2026-02-08 20:30:00+00:00,betmgm,h2h,2.95,1.43,,2026-02-08T20:25:12Z
3,2026-02-08 20:30:00+00:00,fanatics,h2h,2.95,1.43,,2026-02-08T20:24:41Z
3,2026-02-08 20:30:00+00:00,unibet_se,h2h,3.0,1.43,,2026-02-08T20:24:55Z
3,2026-02-08 20:30:00+00:00,williamhill_us,h2h,3.0,1.42,,2026-02-08T20:24:20Z
3,2026-02-08 20:30:00+00:00,betrivers,h2h,2.9,1.41,,2026-02-08T20:24:40Z
3,2026-02-08 20:30:00+00:00,unibet_nl,h2h,3.0,1.43,,2026-02-08T20:24:40Z
3,2026-02-08 20:30:00+00:00,leovegas_se,h2h,2.95,1.41,,2026-02-08T20:25:30Z
3,2026-02-08 20:30:00+00:00,betonlineag,h2h,2.95,1.43,,2026-02-08T20:23:48Z
3,2026-02-08 20:30:00+00:00,betclic_fr,h2h,3.0,1.42,,2026-02-08T20:25:21Z
3,2026-02-08 20:30:00+00:00,williamhill,h2h,2.9,1.4,,2026-02-08T20:24:40Z
3,2026-02-08 20:30:00+00:00,betsson,h2h,3.03,1.43,,2026-02-08T20:23:33Z
3,2026-02-08 20:30:00+00:00,nordicbet,h2h,3.03,1.43,,2026-02-08T20:25:14Z
3,2026-02-08 20:30:00+00:00,coolbet,h2h,3.03,1.45,,2026-02-08T20:25:30Z
3,2026-02-08 20:30:00+00:00,mybookieag,h2h,2.98,1.4,,2026-02-08T20:24:21Z
3,2026-02-08 20:30:00+00:00,unibet_fr,h2h,3.02,1.41,,2026-02-08T20:24:42Z
3,2026-02-08 20:30:00+00:00,betus,h2h,2.95,1.43,,2026-02-08T20:24:41Z
3,2026-02-08 20:30:00+00:00,marathonbet,h2h,2.81,1.47,,2026-02-08T20:25:29Z
3,2026-02-08 20:30:00+00:00,tipico_de,h2h,2.8,1.42,,2026-02-08T20:25:14Z
3,2026-02-08 20:30:00+00:00,pinnacle,h2h,3.01,1.45,,2026-02-08T20:25:30Z
3,2026-02-08 20:30:00+00:00,gtbets,h2h,2.95,1.41,,2026-02-08T20:24:57Z
3,2026-02-08 20:30:00+00:00,betanysports,h2h,2.9,1.43,,2026-02-08T20:25:29Z
3,2026-02-08 20:30:00+00:00,betfair_ex_eu,h2h,3.15,1.46,,2026-02-08T20:25:31Z
3,2026-02-08 20:30:00+00:00,matchbook,h2h,3.1,1.46,,2026-02-08T20:25:13Z
3,2026-02-08 20:30:00+00:00,everygame,h2h,2.95,1.43,,2026-02-08T20:24:42Z
1,2026-02-08 22:30:00+00:00,draftkings,h2h,2.95,1.42,,2026-02-08T22:24:55Z
1,2026-02-08 22:30:00+00:00,lowvig,h2h,2.87,1.45,,2026-02-08T22:24:35Z
1,2026-02-08 22:30:00+00:00,fanduel,h2h,2.9,1.43,,2026-02-08T22:25:30Z
1,2026-02-08 22:30:00+00:00,betmgm,h2h,2.95,1.43,,2026-02-08T22:25:29Z
1,2026-02-08 22:30:00+00:00,fanatics,h2h,2.95,1.43,,2026-02-08T22:24:55Z
1,2026-02-08 22:30:00+00:00,unibet_se,h2h,3.0,1.43,,2026-02-08T22:25:29Z
1,2026-02-08 22:30:00+00:00,williamhill_us,h2h,3.0,1.42,,2026-02-08T22:25:15Z
1,2026-02-08 22:30:00+00:00,betrivers,h2h,2.9,1.41,,2026-02-08T22:25:13Z
1,2026-02-08 22:30:00+00:00,unibet_nl,h2h,3.0,1.43,,2026-02-08T22:25:31Z
1,2026-02-08 22:30:00+00:00,leovegas_se,h2h,2.95,1.41,,2026-02-08T22:25:29Z
1,2026-02-08 22:30:00+00:00,betonlineag,h2h,2.87,1.45,,2026-02-08T22:25:17Z
1,2026-02-08 22:30:00+00:00,betclic_fr,h2h,2.95,1.42,,2026-02-08T22:25:21Z
1,2026-02-08 22:30:00+00:00,williamhill,h2h,2.75,1.44,,2026-02-08T22:24:56Z
1,2026-02-08 22:30:00+00:00,betsson,h2h,2.98,1.44,,2026-02-08T22:25:15Z
1,2026-02-08 22:30:00+00:00,nordicbet,h2h,2.98,1.44,,2026-02-08T22:24:57Z
1,2026-02-08 22:30:00+00:00,coolbet,h2h,2.99,1.46,,2026-02-08T22:24:36Z
1,2026-02-08 22:30:00+00:00,mybookieag,h2h,2.91,1.42,,2026-02-08T22:24:03Z
1,2026-02-08 22:30:00+00:00,unibet_fr,h2h,2.95,1.43,,2026-02-08T22:24:56Z
1,2026-02-08 22:30:00+00:00,betus,h2h,2.95,1.43,,2026-02-08T22:24:56Z
1,2026-02-08 22:30:00+00:00,marathonbet,h2h,2.84,1.46,,2026-02-08T22:25:14Z
1,2026-02-08 22:30:00+00:00,tipico_de,h2h,2.8,1.42,,2026-02-08T22:24:35Z
1,2026-02-08 22:30:00+00:00,pinnacle,h2h,2.98,1.46,,2026-02-08T22:25:14Z
1,2026-02-08 22:30:00+00:00,gtbets,h2h,2.95,1.41,,2026-02-08T22:25:16Z
1,2026-02-08 22:30:00+00:00,betanysports,h2h,2.9,1.43,,2026-02-08T22:24:58Z
1,2026-02-08 22:30:00+00:00,betfair_ex_eu,h2h,3.1,1.46,,2026-02-08T22:25:14Z
1,2026-02-08 22:30:00+00:00,matchbook,h2h,3.1,1.46,,2026-02-08T22:25:31Z
1,2026-02-08 22:30:00+00:00,everygame,h2h,2.95,1.43,,2026-02-08T22:24:56Z
0,2026-02-08 23:00:00+00:00,draftkings,h2h,2.95,1.42,,2026-02-08T22:54:21Z
0,2026-02-08 23:00:00+00:00,lowvig,h2h,2.9,1.44,,2026-02-08T22:54:37Z
0,2026-02-08 23:00:00+00:00,fanduel,h2h,2.9,1.43,,2026-02-08T22:55:32Z
0,2026-02-08 23:00:00+00:00,betmgm,h2h,2.95,1.43,,2026-02-08T22:54:57Z
0,2026-02-08 23:00:00+00:00,fanatics,h2h,2.95,1.43,,2026-02-08T22:55:15Z
0,2026-02-08 23:00:00+00:00,unibet_se,h2h,2.95,1.44,,2026-02-08T22:54:57Z
0,2026-02-08 23:00:00+00:00,williamhill_us,h2h,3.0,1.42,,2026-02-08T22:53:11Z
0,2026-02-08 23:00:00+00:00,betrivers,h2h,2.85,1.42,,2026-02-08T22:55:31Z
0,2026-02-08 23:00:00+00:00,unibet_nl,h2h,2.95,1.44,,2026-02-08T22:54:58Z
0,2026-02-08 23:00:00+00:00,leovegas_se,h2h,2.88,1.42,,2026-02-08T22:54:58Z
0,2026-02-08 23:00:00+00:00,betonlineag,h2h,2.9,1.44,,2026-02-08T22:54:57Z
0,2026-02-08 23:00:00+00:00,betclic_fr,h2h,2.95,1.42,,2026-02-08T22:55:25Z
0,2026-02-08 23:00:00+00:00,williamhill,h2h,2.75,1.44,,2026-02-08T22:54:58Z
0,2026-02-08 23:00:00+00:00,betsson,h2h,2.98,1.44,,2026-02-08T22:55:32Z
0,2026-02-08 23:00:00+00:00,nordicbet,h2h,2.98,1.44,,2026-02-08T22:55:18Z
0,2026-02-08 23:00:00+00:00,coolbet,h2h,2.94,1.47,,2026-02-08T22:54:37Z
0,2026-02-08 23:00:00+00:00,mybookieag,h2h,2.91,1.42,,2026-02-08T22:53:49Z
0,2026-02-08 23:00:00+00:00,unibet_fr,h2h,2.95,1.43,,2026-02-08T22:54:57Z
0,2026-02-08 23:00:00+00:00,betus,h2h,2.9,1.44,,2026-02-08T22:54:58Z
0,2026-02-08 23:00:00+00:00,marathonbet,h2h,2.88,1.45,,2026-02-08T22:55:31Z
0,2026-02-08 23:00:00+00:00,tipico_de,h2h,2.8,1.42,,2026-02-08T22:54:58Z
0,2026-02-08 23:00:00+00:00,pinnacle,h2h,2.9,1.48,,2026-02-08T22:55:16Z
0,2026-02-08 23:00:00+00:00,gtbets,h2h,2.95,1.41,,2026-02-08T22:55:34Z
0,2026-02-08 23:00:00+00:00,betanysports,h2h,2.8,1.45,,2026-02-08T22:55:15Z
0,2026-02-08 23:00:00+00:00,betfair_ex_eu,h2h,3.1,1.47,,2026-02-08T22:55:16Z
0,2026-02-08 23:00:00+00:00,matchbook,h2h,3.1,1.47,,2026-02-08T22:55:33Z
0,2026-02-08 23:00:00+00:00,everygame,h2h,2.95,1.43,,2026-02-08T22:55:00Z
0,2026-02-08 23:00:00+00:00,draftkings,spreads,,,4.5,New England Patriots@1.95
0,2026-02-08 23:00:00+00:00,draftkings,spreads,,,-4.5,Seattle Seahawks@1.87
0,2026-02-08 23:00:00+00:00,draftkings,totals,,,45.5,Over@1.95
0,2026-02-08 23:00:00+00:00,draftkings,totals,,,45.5,Under@1.87
0,2026-02-08 23:00:00+00:00,lowvig,spreads,,,4.5,New England Patriots@1.95
0,2026-02-08 23:00:00+00:00,lowvig,spreads,,,-4.5,Seattle Seahawks@1.95
0,2026-02-08 23:00:00+00:00,lowvig,totals,,,45.0,Over@1.93
0,2026-02-08 23:00:00+00:00,lowvig,totals,,,45.0,Under@1.94
0,2026-02-08 23:00:00+00:00,fanduel,spreads,,,4.5,New England Patriots@1.95
0,2026-02-08 23:00:00+00:00,fanduel,spreads,,,-4.5,Seattle Seahawks@1.87
0,2026-02-08 23:00:00+00:00,fanduel,totals,,,45.5,Over@1.95
0,2026-02-08 23:00:00+00:00,fanduel,totals,,,45.5,Under@1.87
0,2026-02-08 23:00:00+00:00,betmgm,spreads,,,4.5,New England Patriots@1.95
0,2026-02-08 23:00:00+00:00,betmgm,spreads,,,-4.5,Seattle Seahawks@1.95
0,2026-02-08 23:00:00+00:00,betmgm,totals,,,45.5,Over@1.95
0,2026-02-08 23:00:00+00:00,betmgm,totals,,,45.5,Under@1.87
0,2026-02-08 23:00:00+00:00,fanatics,spreads,,,4.5,New England Patriots@1.91
0,2026-02-08 23:00:00+00:00,fanatics,spreads,,,-4.5,Seattle Seahawks@1.91
0,2026-02-08 23:00:00+00:00,fanatics,totals,,,45.0,Over@1.91
0,2026-02-08 23:00:00+00:00,fanatics,totals,,,45.0,Under@1.91
0,2026-02-08 23:00:00+00:00,williamhill_us,spreads,,,4.5,New England Patriots@1.95
0,2026-02-08 23:00:00+00:00,williamhill_us,spreads,,,-4.5,Seattle Seahawks@1.87
0,2026-02-08 23:00:00+00:00,williamhill_us,totals,,,45.0,Over@1.91
0,2026-02-08 23:00:00+00:00,williamhill_us,totals,,,45.0,Under@1.91
0,2026-02-08 23:00:00+00:00,betrivers,spreads,,,5.0,New England Patriots@1.88
0,2026-02-08 23:00:00+00:00,betrivers,spreads,,,-5.0,Seattle Seahawks@1.89
0,2026-02-08 23:00:00+00:00,betrivers,totals,,,45.5,Over@1.88
0,2026-02-08 23:00:00+00:00,betrivers,totals,,,45.5,Under@1.88
0,2026-02-08 23:00:00+00:00,betonlineag,spreads,,,4.5,New England Patriots@1.91
0,2026-02-08 23:00:00+00:00,betonlineag,spreads,,,-4.5,Seattle Seahawks@1.94
0,2026-02-08 23:00:00+00:00,betonlineag,totals,,,45.0,Over@1.9
0,2026-02-08 23:00:00+00:00,betonlineag,totals,,,45.0,Under@1.92
0,2026-02-08 23:00:00+00:00,mybookieag,spreads,,,5.0,New England Patriots@1.87
0,2026-02-08 23:00:00+00:00,mybookieag,spreads,,,-5.0,Seattle Seahawks@1.95
0,2026-02-08 23:00:00+00:00,mybookieag,totals,,,45.0,Over@1.91
0,2026-02-08 23:00:00+00:00,mybookieag,totals,,,45.0,Under@1.91
0,2026-02-08 23:00:00+00:00,betus,spreads,,,4.5,New England Patriots@1.91
0,2026-02-08 23:00:00+00:00,betus,spreads,,,-4.5,Seattle Seahawks@1.91
0,2026-02-08 23:00:00+00:00,betus,totals,,,45.0,Over@1.91
0,2026-02-08 23:00:00+00:00,betus,totals,,,45.0,Under@1.91
